Date,Open,High,Low,Close,MA50,MA200
3/8/2021,3844.39 ,3881.06 ,3819.25 ,3821.35 ,3824.67 ,3475.78 
3/9/2021,3851.93 ,3903.76 ,3851.93 ,3875.44 ,3828.38 ,3480.41 
3/10/2021,3891.99 ,3917.35 ,3885.73 ,3898.81 ,3832.30 ,3485.13 
3/11/2021,3915.54 ,3960.27 ,3915.54 ,3939.34 ,3836.38 ,3489.87 
3/12/2021,3924.52 ,3944.99 ,3915.21 ,3943.34 ,3840.70 ,3494.41 
3/15/2021,3942.96 ,3970.08 ,3923.54 ,3968.94 ,3845.44 ,3499.10 
3/16/2021,3973.59 ,3981.04 ,3953.44 ,3962.71 ,3849.57 ,3503.69 
3/17/2021,3949.57 ,3983.87 ,3935.74 ,3974.12 ,3855.04 ,3508.29 
3/18/2021,3953.50 ,3969.62 ,3910.86 ,3915.46 ,3858.81 ,3512.46 
3/19/2021,3913.14 ,3930.12 ,3886.75 ,3913.10 ,3862.11 ,3516.41 
3/22/2021,3916.48 ,3955.31 ,3914.16 ,3940.59 ,3864.85 ,3520.55 
3/23/2021,3937.60 ,3949.13 ,3901.57 ,3910.52 ,3866.57 ,3524.13 
3/24/2021,3919.93 ,3942.08 ,3889.07 ,3889.14 ,3868.36 ,3527.42 
3/25/2021,3879.34 ,3919.54 ,3853.50 ,3909.52 ,3870.52 ,3530.93 
3/26/2021,3917.12 ,3978.19 ,3917.12 ,3974.54 ,3873.82 ,3534.85 
3/29/2021,3969.31 ,3981.83 ,3943.25 ,3971.09 ,3877.33 ,3539.70 
3/30/2021,3963.34 ,3968.01 ,3944.35 ,3958.55 ,3881.13 ,3544.28 
3/31/2021,3967.25 ,3994.41 ,3966.98 ,3972.89 ,3884.61 ,3548.81 
4/1/2021,3992.78 ,4020.63 ,3992.78 ,4019.87 ,3887.97 ,3553.29 
4/5/2021,4034.44 ,4083.42 ,4034.44 ,4077.91 ,3892.47 ,3558.11 
4/6/2021,4075.57 ,4086.23 ,4068.14 ,4073.94 ,3897.12 ,3562.90 
4/7/2021,4074.29 ,4083.13 ,4068.31 ,4079.95 ,3901.61 ,3567.82 
4/8/2021,4089.95 ,4098.19 ,4082.54 ,4097.17 ,3906.56 ,3572.71 
4/9/2021,4096.11 ,4129.48 ,4095.51 ,4128.80 ,3914.12 ,3577.70 
4/12/2021,4124.71 ,4131.76 ,4114.82 ,4127.99 ,3920.94 ,3583.09 
4/13/2021,4130.10 ,4148.00 ,4124.43 ,4141.59 ,3929.48 ,3588.38 
4/14/2021,4141.58 ,4151.69 ,4120.87 ,4124.66 ,3936.50 ,3593.96 
4/15/2021,4139.76 ,4173.49 ,4139.76 ,4170.42 ,3943.38 ,3599.54 
4/16/2021,4174.14 ,4191.31 ,4170.75 ,4185.47 ,3950.49 ,3604.97 
4/19/2021,4179.80 ,4180.81 ,4150.47 ,4163.26 ,3956.32 ,3610.20 
4/20/2021,4159.18 ,4159.18 ,4118.38 ,4134.94 ,3961.28 ,3615.23 
4/21/2021,4128.42 ,4175.02 ,4126.35 ,4173.42 ,3966.44 ,3620.20 
4/22/2021,4170.46 ,4179.57 ,4123.69 ,4134.98 ,3970.91 ,3625.15 
4/23/2021,4138.78 ,4194.17 ,4138.78 ,4180.17 ,3976.32 ,3630.20 
4/26/2021,4185.03 ,4194.19 ,4182.36 ,4187.62 ,3981.74 ,3635.37 
4/27/2021,4188.25 ,4193.35 ,4176.22 ,4186.72 ,3986.78 ,3640.38 
4/28/2021,4185.14 ,4201.53 ,4181.78 ,4183.18 ,3991.79 ,3645.52 
4/29/2021,4206.14 ,4218.78 ,4176.81 ,4211.47 ,3997.39 ,3650.59 
4/30/2021,4198.10 ,4198.10 ,4174.85 ,4181.17 ,4002.74 ,3655.37 
5/3/2021,4191.98 ,4209.39 ,4188.03 ,4192.66 ,4008.46 ,3660.25 
5/4/2021,4179.04 ,4179.04 ,4128.59 ,4164.66 ,4014.22 ,3664.95 
5/5/2021,4177.06 ,4187.72 ,4160.94 ,4167.59 ,4019.94 ,3669.53 
5/6/2021,4169.14 ,4202.70 ,4147.33 ,4201.62 ,4025.47 ,3674.25 
5/7/2021,4210.34 ,4238.04 ,4201.64 ,4232.60 ,4033.53 ,3679.03 
5/10/2021,4228.29 ,4236.39 ,4188.13 ,4188.43 ,4041.08 ,3683.80 
5/11/2021,4150.34 ,4162.04 ,4111.53 ,4152.10 ,4046.08 ,3688.48 
5/12/2021,4130.55 ,4134.73 ,4056.88 ,4063.04 ,4049.94 ,3692.60 
5/13/2021,4074.99 ,4131.58 ,4074.99 ,4112.50 ,4055.80 ,3697.07 
5/14/2021,4129.58 ,4183.13 ,4129.58 ,4173.85 ,4063.90 ,3701.65 
5/17/2021,4169.92 ,4171.92 ,4142.69 ,4163.29 ,4070.33 ,3706.23 
5/18/2021,4165.94 ,4169.15 ,4125.99 ,4127.83 ,4076.46 ,3710.51 
5/19/2021,4098.45 ,4116.93 ,4061.41 ,4115.68 ,4081.26 ,3714.62 
5/20/2021,4121.97 ,4172.80 ,4121.97 ,4159.12 ,4086.47 ,3718.88 
5/21/2021,4168.61 ,4188.72 ,4151.72 ,4155.86 ,4090.80 ,3723.02 
5/24/2021,4170.16 ,4209.52 ,4170.16 ,4197.05 ,4095.88 ,3727.26 
5/25/2021,4205.94 ,4213.42 ,4182.52 ,4188.13 ,4100.26 ,3731.45 
5/26/2021,4191.59 ,4202.61 ,4184.11 ,4195.99 ,4104.92 ,3735.62 
5/27/2021,4201.94 ,4213.38 ,4197.78 ,4200.88 ,4109.46 ,3739.96 
5/28/2021,4210.77 ,4218.36 ,4203.57 ,4204.11 ,4115.23 ,3744.08 
6/1/2021,4216.52 ,4234.12 ,4197.59 ,4202.04 ,4121.01 ,3748.22 
6/2/2021,4206.82 ,4217.37 ,4198.27 ,4208.12 ,4126.36 ,3752.40 
6/3/2021,4191.43 ,4204.39 ,4167.93 ,4192.85 ,4132.01 ,3756.45 
6/4/2021,4206.05 ,4233.45 ,4206.05 ,4229.89 ,4138.82 ,3760.65 
6/7/2021,4229.34 ,4232.34 ,4215.66 ,4226.52 ,4145.16 ,3764.91 
6/8/2021,4233.81 ,4236.74 ,4208.41 ,4227.26 ,4150.22 ,3769.12 
6/9/2021,4232.99 ,4237.09 ,4218.74 ,4219.55 ,4155.19 ,3773.23 
6/10/2021,4228.56 ,4249.74 ,4220.34 ,4239.18 ,4160.80 ,3777.27 
6/11/2021,4242.90 ,4248.38 ,4232.25 ,4247.44 ,4166.29 ,3781.29 
6/14/2021,4248.31 ,4255.59 ,4234.07 ,4255.15 ,4171.00 ,3785.17 
6/15/2021,4255.28 ,4257.16 ,4238.35 ,4246.59 ,4174.37 ,3788.98 
6/16/2021,4248.87 ,4251.89 ,4202.45 ,4223.70 ,4177.37 ,3792.56 
6/17/2021,4220.37 ,4232.29 ,4196.05 ,4221.86 ,4180.20 ,3796.17 
6/18/2021,4204.78 ,4204.78 ,4164.40 ,4166.45 ,4181.59 ,3799.37 
6/21/2021,4173.40 ,4226.24 ,4173.40 ,4224.79 ,4183.51 ,3802.59 
6/22/2021,4224.61 ,4255.84 ,4217.27 ,4246.44 ,4185.88 ,3806.55 
6/23/2021,4249.27 ,4256.60 ,4241.43 ,4241.84 ,4187.88 ,3810.62 
6/24/2021,4256.97 ,4271.28 ,4256.97 ,4266.49 ,4190.72 ,3815.29 
6/25/2021,4274.45 ,4286.12 ,4271.16 ,4280.70 ,4192.93 ,3819.70 
6/28/2021,4284.90 ,4292.14 ,4274.67 ,4290.61 ,4195.03 ,3824.46 
6/29/2021,4293.21 ,4300.52 ,4287.04 ,4291.80 ,4197.60 ,3829.21 
6/30/2021,4290.65 ,4302.43 ,4287.96 ,4297.50 ,4200.85 ,3833.78 
7/1/2021,4300.73 ,4320.66 ,4300.73 ,4319.94 ,4203.78 ,3838.38 
7/2/2021,4326.60 ,4355.43 ,4326.60 ,4352.34 ,4208.13 ,3843.21 
7/6/2021,4356.46 ,4356.46 ,4314.37 ,4343.54 ,4211.39 ,3848.14 
7/7/2021,4351.01 ,4361.88 ,4329.79 ,4358.13 ,4214.81 ,3853.34 
7/8/2021,4321.07 ,4330.88 ,4289.37 ,4320.82 ,4217.49 ,3858.54 
7/9/2021,4329.38 ,4371.60 ,4329.38 ,4369.55 ,4221.21 ,3863.81 
7/12/2021,4372.41 ,4386.68 ,4364.03 ,4384.63 ,4224.68 ,3869.54 
7/13/2021,4381.07 ,4392.37 ,4366.92 ,4369.21 ,4228.44 ,3875.16 
7/14/2021,4380.11 ,4393.68 ,4362.36 ,4374.30 ,4232.07 ,3880.54 
7/15/2021,4369.02 ,4369.02 ,4340.70 ,4360.03 ,4235.98 ,3885.58 
7/16/2021,4367.43 ,4375.09 ,4322.53 ,4327.16 ,4239.17 ,3890.54 
7/19/2021,4296.40 ,4296.40 ,4233.13 ,4258.49 ,4240.31 ,3895.01 
7/20/2021,4265.11 ,4336.84 ,4262.05 ,4323.06 ,4242.12 ,3899.73 
7/21/2021,4331.13 ,4359.70 ,4331.13 ,4358.69 ,4245.52 ,3904.78 
7/22/2021,4361.27 ,4369.87 ,4350.06 ,4367.48 ,4249.83 ,3909.57 
7/23/2021,4381.20 ,4415.18 ,4381.20 ,4411.79 ,4256.80 ,3914.83 
7/26/2021,4409.58 ,4422.73 ,4405.45 ,4422.30 ,4263.00 ,3919.84 
7/27/2021,4416.38 ,4416.38 ,4372.51 ,4401.46 ,4267.55 ,3924.61 
7/28/2021,4402.95 ,4415.47 ,4387.01 ,4400.64 ,4272.30 ,3929.23 
7/29/2021,4403.59 ,4429.97 ,4403.59 ,4419.15 ,4278.13 ,3933.65 
7/30/2021,4395.12 ,4412.25 ,4389.65 ,4395.26 ,4283.72 ,3938.07 
8/2/2021,4406.86 ,4422.18 ,4384.81 ,4387.16 ,4288.28 ,3942.56 
8/3/2021,4392.74 ,4423.79 ,4373.00 ,4423.15 ,4293.62 ,3947.26 
8/4/2021,4415.95 ,4416.17 ,4400.23 ,4402.66 ,4297.74 ,3951.86 
8/5/2021,4408.86 ,4429.76 ,4408.86 ,4429.10 ,4302.56 ,3956.87 
8/6/2021,4429.07 ,4440.82 ,4429.07 ,4436.52 ,4307.37 ,3961.84 
8/9/2021,4437.77 ,4439.39 ,4424.74 ,4432.35 ,4312.00 ,3966.82 
8/10/2021,4435.79 ,4445.21 ,4430.03 ,4436.75 ,4316.65 ,3971.74 
8/11/2021,4442.18 ,4449.44 ,4436.42 ,4447.70 ,4321.56 ,3976.65 
8/12/2021,4446.08 ,4461.77 ,4435.96 ,4460.83 ,4326.62 ,3981.95 
8/13/2021,4464.84 ,4468.37 ,4460.82 ,4468.00 ,4332.12 ,3987.33 
8/16/2021,4461.65 ,4480.26 ,4437.66 ,4479.71 ,4337.12 ,3993.38 
8/17/2021,4462.12 ,4462.12 ,4417.83 ,4448.08 ,4341.55 ,3999.07 
8/18/2021,4440.94 ,4454.32 ,4397.59 ,4400.27 ,4345.01 ,4004.72 
8/19/2021,4382.44 ,4418.61 ,4367.73 ,4405.80 ,4348.73 ,4010.20 
8/20/2021,4410.56 ,4444.35 ,4406.80 ,4441.67 ,4352.78 ,4015.56 
8/23/2021,4450.29 ,4489.88 ,4450.29 ,4479.53 ,4357.42 ,4020.74 
8/24/2021,4484.40 ,4492.81 ,4482.28 ,4486.23 ,4362.05 ,4025.62 
8/25/2021,4490.45 ,4501.71 ,4485.66 ,4496.19 ,4367.04 ,4030.55 
8/26/2021,4493.75 ,4495.90 ,4468.99 ,4470.00 ,4371.96 ,4035.15 
8/27/2021,4474.10 ,4513.33 ,4474.10 ,4509.37 ,4377.71 ,4039.97 
8/30/2021,4513.76 ,4537.36 ,4513.76 ,4528.79 ,4384.96 ,4044.75 
8/31/2021,4529.75 ,4531.39 ,4515.80 ,4522.68 ,4390.92 ,4049.68 
9/1/2021,4528.80 ,4537.11 ,4522.02 ,4524.09 ,4396.47 ,4054.37 
9/2/2021,4534.48 ,4545.85 ,4524.66 ,4536.95 ,4402.37 ,4058.92 
9/3/2021,4532.42 ,4541.45 ,4521.30 ,4535.43 ,4407.75 ,4063.55 
9/7/2021,4535.38 ,4535.38 ,4513.00 ,4520.03 ,4412.54 ,4068.31 
9/8/2021,4518.09 ,4521.79 ,4493.95 ,4514.07 ,4417.01 ,4072.97 
9/9/2021,4513.02 ,4529.90 ,4492.07 ,4493.28 ,4421.04 ,4077.65 
9/10/2021,4506.92 ,4520.47 ,4457.66 ,4458.58 ,4424.26 ,4082.06 
9/13/2021,4474.81 ,4492.99 ,4445.70 ,4468.73 ,4427.23 ,4086.22 
9/14/2021,4479.33 ,4485.68 ,4435.46 ,4443.05 ,4429.05 ,4090.29 
9/15/2021,4447.49 ,4486.87 ,4438.37 ,4480.70 ,4431.79 ,4094.50 
9/16/2021,4477.09 ,4485.87 ,4443.80 ,4473.75 ,4434.10 ,4098.76 
9/17/2021,4469.74 ,4471.52 ,4427.76 ,4432.99 ,4436.35 ,4102.62 
9/20/2021,4402.95 ,4402.95 ,4305.91 ,4357.73 ,4436.11 ,4106.06 
9/21/2021,4374.45 ,4394.87 ,4347.96 ,4354.19 ,4435.50 ,4109.50 
9/22/2021,4367.43 ,4416.75 ,4367.43 ,4395.64 ,4436.03 ,4112.98 
9/23/2021,4406.75 ,4465.40 ,4406.75 ,4448.98 ,4437.52 ,4116.76 
9/24/2021,4438.04 ,4463.12 ,4430.27 ,4455.48 ,4439.43 ,4120.53 
9/27/2021,4442.12 ,4457.30 ,4436.19 ,4443.11 ,4441.75 ,4124.38 
9/28/2021,4419.54 ,4419.54 ,4346.33 ,4352.63 ,4443.64 ,4127.80 
9/29/2021,4362.41 ,4385.57 ,4355.08 ,4359.46 ,4444.36 ,4131.28 
9/30/2021,4370.67 ,4382.55 ,4306.24 ,4307.54 ,4443.34 ,4134.58 
10/1/2021,4317.16 ,4375.19 ,4288.52 ,4357.04 ,4443.13 ,4137.90 
10/4/2021,4348.84 ,4355.51 ,4278.94 ,4300.46 ,4440.91 ,4140.89 
10/5/2021,4309.87 ,4369.23 ,4309.87 ,4345.72 ,4439.37 ,4144.01 
10/6/2021,4319.57 ,4365.57 ,4290.49 ,4363.55 ,4438.62 ,4147.28 
10/7/2021,4383.73 ,4429.97 ,4383.73 ,4399.76 ,4438.60 ,4150.80 
10/8/2021,4406.51 ,4412.02 ,4386.22 ,4391.34 ,4438.04 ,4154.32 
10/11/2021,4385.44 ,4415.88 ,4360.59 ,4361.19 ,4437.36 ,4157.68 
10/12/2021,4368.31 ,4374.89 ,4342.09 ,4350.65 ,4436.63 ,4160.92 
10/13/2021,4358.01 ,4372.87 ,4329.92 ,4363.80 ,4435.44 ,4164.06 
10/14/2021,4386.75 ,4439.73 ,4386.75 ,4438.26 ,4436.16 ,4167.62 
10/15/2021,4447.69 ,4475.82 ,4447.69 ,4471.37 ,4437.00 ,4171.31 
10/18/2021,4463.72 ,4488.75 ,4447.47 ,4486.46 ,4438.00 ,4174.97 
10/19/2021,4497.34 ,4520.40 ,4496.41 ,4519.63 ,4439.74 ,4179.06 
10/20/2021,4524.42 ,4540.87 ,4524.40 ,4536.19 ,4441.73 ,4183.11 
10/21/2021,4532.24 ,4551.44 ,4526.89 ,4549.78 ,4443.78 ,4187.12 
10/22/2021,4546.12 ,4559.67 ,4524.00 ,4544.90 ,4445.46 ,4190.82 
10/25/2021,4553.69 ,4572.62 ,4537.36 ,4566.48 ,4447.43 ,4194.53 
10/26/2021,4578.69 ,4598.53 ,4569.17 ,4574.79 ,4449.33 ,4198.41 
10/27/2021,4580.22 ,4584.57 ,4551.66 ,4551.68 ,4451.40 ,4202.16 
10/28/2021,4562.84 ,4597.55 ,4562.84 ,4596.42 ,4455.32 ,4206.09 
10/29/2021,4572.87 ,4608.08 ,4567.59 ,4605.38 ,4459.31 ,4210.14 
11/1/2021,4610.62 ,4620.34 ,4595.06 ,4613.67 ,4462.75 ,4214.37 
11/2/2021,4613.34 ,4635.15 ,4613.34 ,4630.65 ,4465.78 ,4218.53 
11/3/2021,4630.65 ,4663.46 ,4621.19 ,4660.57 ,4469.26 ,4222.57 
11/4/2021,4662.93 ,4683.00 ,4662.59 ,4680.06 ,4472.94 ,4226.70 
11/5/2021,4699.26 ,4718.50 ,4681.32 ,4697.53 ,4477.49 ,4230.98 
11/8/2021,4701.48 ,4714.92 ,4694.39 ,4701.70 ,4481.34 ,4235.22 
11/9/2021,4707.25 ,4708.53 ,4670.87 ,4685.25 ,4484.47 ,4239.39 
11/10/2021,4670.26 ,4684.85 ,4630.86 ,4646.71 ,4486.95 ,4243.87 
11/11/2021,4659.39 ,4664.55 ,4648.31 ,4649.27 ,4489.45 ,4248.18 
11/12/2021,4655.24 ,4688.47 ,4650.77 ,4682.85 ,4492.37 ,4253.03 
11/15/2021,4689.30 ,4697.42 ,4672.86 ,4682.80 ,4495.32 ,4257.57 
11/16/2021,4679.42 ,4714.95 ,4679.42 ,4700.90 ,4498.93 ,4261.94 
11/17/2021,4701.50 ,4701.50 ,4684.41 ,4688.67 ,4502.43 ,4266.24 
11/18/2021,4700.72 ,4708.80 ,4672.78 ,4704.54 ,4506.65 ,4270.40 
11/19/2021,4708.44 ,4717.75 ,4694.22 ,4697.96 ,4511.44 ,4274.46 
11/22/2021,4712.00 ,4743.83 ,4682.17 ,4682.94 ,4515.72 ,4278.29 
11/23/2021,4678.48 ,4699.39 ,4652.66 ,4690.70 ,4520.68 ,4282.19 
11/24/2021,4675.78 ,4702.87 ,4659.89 ,4701.46 ,4525.09 ,4286.15 
11/26/2021,4664.63 ,4664.63 ,4585.43 ,4594.62 ,4527.51 ,4289.54 
11/29/2021,4628.75 ,4672.95 ,4625.26 ,4655.27 ,4531.95 ,4293.14 
11/30/2021,4640.25 ,4646.02 ,4560.00 ,4567.00 ,4536.14 ,4296.31 
12/1/2021,4602.82 ,4652.94 ,4510.27 ,4513.04 ,4539.32 ,4299.22 
12/2/2021,4504.73 ,4595.46 ,4504.73 ,4577.10 ,4542.95 ,4302.54 
12/3/2021,4589.49 ,4608.03 ,4495.12 ,4538.43 ,4544.74 ,4305.70 
12/6/2021,4548.37 ,4612.60 ,4540.51 ,4591.67 ,4547.46 ,4309.27 
12/7/2021,4631.97 ,4694.04 ,4631.97 ,4686.75 ,4552.33 ,4313.30 
12/8/2021,4690.86 ,4705.06 ,4674.52 ,4701.21 ,4559.30 ,4317.18 
12/9/2021,4691.00 ,4695.26 ,4665.98 ,4667.45 ,4565.46 ,4321.37 
12/10/2021,4687.64 ,4713.57 ,4670.24 ,4712.02 ,4573.55 ,4325.87 
12/13/2021,4710.30 ,4710.30 ,4667.60 ,4668.97 ,4579.79 ,4329.71 
12/14/2021,4642.99 ,4660.47 ,4606.52 ,4634.09 ,4586.46 ,4333.53 
12/15/2021,4636.46 ,4712.60 ,4611.22 ,4709.85 ,4593.75 ,4337.98 
12/16/2021,4719.13 ,4731.99 ,4651.89 ,4668.67 ,4599.85 ,4342.48 
12/17/2021,4652.50 ,4666.70 ,4600.22 ,4620.64 ,4604.27 ,4346.37 
12/20/2021,4587.90 ,4587.90 ,4531.10 ,4568.02 ,4607.80 ,4350.11 
12/21/2021,4594.96 ,4651.14 ,4583.16 ,4649.23 ,4613.56 ,4353.98 
12/22/2021,4650.36 ,4697.67 ,4645.53 ,4696.56 ,4620.48 ,4357.96 
12/23/2021,4703.96 ,4740.74 ,4703.96 ,4725.79 ,4627.72 ,4361.90 
12/27/2021,4733.99 ,4791.49 ,4733.99 ,4791.19 ,4634.78 ,4366.14 
12/28/2021,4795.49 ,4807.02 ,4780.04 ,4786.35 ,4641.08 ,4370.22 
12/29/2021,4788.64 ,4804.06 ,4778.08 ,4793.06 ,4647.21 ,4374.37 
12/30/2021,4794.23 ,4808.93 ,4775.33 ,4778.73 ,4652.39 ,4378.40 
12/31/2021,4775.21 ,4786.83 ,4765.75 ,4766.18 ,4656.99 ,4382.65 
1/3/2022,4778.14 ,4796.64 ,4758.17 ,4796.56 ,4661.93 ,4387.07 
1/4/2022,4804.51 ,4818.62 ,4774.27 ,4793.54 ,4666.90 ,4391.33 
1/5/2022,4787.99 ,4797.70 ,4699.44 ,4700.58 ,4669.58 ,4395.28 
1/6/2022,4693.39 ,4725.01 ,4671.26 ,4696.05 ,4672.01 ,4399.32 
1/7/2022,4697.66 ,4707.95 ,4662.74 ,4677.03 ,4674.51 ,4403.16 
1/10/2022,4655.34 ,4673.02 ,4582.24 ,4670.29 ,4675.99 ,4406.63 
1/11/2022,4669.14 ,4714.13 ,4638.27 ,4713.07 ,4678.14 ,4410.34 
1/12/2022,4728.59 ,4748.83 ,4706.71 ,4726.35 ,4680.40 ,4414.18 
1/13/2022,4733.56 ,4744.13 ,4650.29 ,4659.03 ,4680.97 ,4417.61 
1/14/2022,4637.99 ,4665.13 ,4614.75 ,4662.85 ,4681.01 ,4420.83 
1/18/2022,4632.24 ,4632.24 ,4568.70 ,4577.11 ,4678.95 ,4423.33 
1/19/2022,4588.03 ,4611.55 ,4530.20 ,4532.76 ,4675.66 ,4425.62 
1/20/2022,4547.35 ,4602.11 ,4477.95 ,4482.73 ,4671.28 ,4427.63 
1/21/2022,4471.38 ,4494.52 ,4395.34 ,4397.94 ,4665.53 ,4429.14 
1/24/2022,4356.32 ,4417.35 ,4222.62 ,4410.13 ,4660.80 ,4430.54 
1/25/2022,4366.64 ,4411.01 ,4287.11 ,4356.45 ,4654.94 ,4431.69 
1/26/2022,4408.43 ,4453.23 ,4304.80 ,4349.93 ,4648.29 ,4432.73 
1/27/2022,4380.58 ,4428.74 ,4309.50 ,4326.51 ,4641.16 ,4433.74 
1/28/2022,4336.19 ,4432.72 ,4292.46 ,4431.85 ,4635.78 ,4435.04 
1/31/2022,4431.79 ,4516.89 ,4414.02 ,4515.55 ,4632.32 ,4436.69 
2/1/2022,4519.57 ,4550.49 ,4483.53 ,4546.54 ,4629.16 ,4438.61 
2/2/2022,4566.39 ,4595.31 ,4544.32 ,4589.38 ,4626.98 ,4440.88 
2/3/2022,4535.41 ,4542.88 ,4470.39 ,4477.44 ,4622.87 ,4442.40 
2/4/2022,4482.79 ,4539.66 ,4451.50 ,4500.53 ,4619.07 ,4444.23 
2/7/2022,4505.75 ,4521.86 ,4471.47 ,4483.87 ,4614.72 ,4445.75 
2/8/2022,4480.02 ,4531.32 ,4465.40 ,4521.54 ,4613.26 ,4447.42 
2/9/2022,4547.00 ,4590.03 ,4547.00 ,4587.18 ,4611.90 ,4449.42 
2/10/2022,4553.24 ,4588.92 ,4484.31 ,4504.08 ,4610.64 ,4451.03 
2/11/2022,4506.27 ,4526.33 ,4401.41 ,4418.64 ,4608.75 ,4452.06 
2/14/2022,4412.61 ,4426.22 ,4364.84 ,4401.67 ,4605.24 ,4453.16 
2/15/2022,4429.28 ,4472.77 ,4429.28 ,4471.07 ,4603.89 ,4454.56 
2/16/2022,4455.75 ,4489.55 ,4429.68 ,4475.01 ,4601.56 ,4456.11 
2/17/2022,4456.06 ,4456.06 ,4373.81 ,4380.26 ,4595.43 ,4457.17 
2/18/2022,4384.57 ,4394.60 ,4327.22 ,4348.87 ,4588.38 ,4457.91 
2/22/2022,4332.74 ,4362.12 ,4267.11 ,4304.76 ,4581.13 ,4458.27 
2/23/2022,4324.93 ,4341.51 ,4221.51 ,4225.50 ,4571.40 ,4458.45 
2/24/2022,4155.77 ,4294.73 ,4114.65 ,4288.70 ,4563.79 ,4459.14 
2/25/2022,4298.38 ,4385.34 ,4286.83 ,4384.65 ,4558.81 ,4460.74 
2/28/2022,4354.17 ,4388.84 ,4315.12 ,4373.94 ,4552.09 ,4462.05 
3/1/2022,4363.14 ,4378.45 ,4279.54 ,4306.26 ,4544.84 ,4462.71 
3/2/2022,4322.56 ,4401.48 ,4322.56 ,4386.54 ,4540.16 ,4463.83 
3/3/2022,4401.31 ,4416.78 ,4345.56 ,4363.49 ,4536.07 ,4465.01 
3/4/2022,4342.12 ,4342.12 ,4284.98 ,4328.87 ,4529.66 ,4466.07 
3/7/2022,4327.01 ,4327.01 ,4199.85 ,4201.09 ,4519.75 ,4466.28 
3/8/2022,4202.66 ,4276.94 ,4157.87 ,4170.70 ,4508.65 ,4466.36 
3/9/2022,4223.10 ,4299.40 ,4223.10 ,4277.88 ,4498.38 ,4466.76 
3/10/2022,4252.55 ,4268.28 ,4209.80 ,4259.52 ,4487.85 ,4467.12 
3/11/2022,4279.50 ,4291.01 ,4200.49 ,4204.31 ,4476.07 ,4467.16 
3/14/2022,4202.75 ,4247.57 ,4161.72 ,4173.11 ,4463.96 ,4467.02 
3/15/2022,4188.82 ,4271.05 ,4187.90 ,4262.45 ,4453.88 ,4467.31 
3/16/2022,4288.14 ,4358.90 ,4251.99 ,4357.86 ,4445.11 ,4468.09 
3/17/2022,4345.11 ,4412.67 ,4335.65 ,4411.67 ,4437.47 ,4469.11 
3/18/2022,4407.34 ,4465.40 ,4390.57 ,4463.12 ,4432.72 ,4470.46 
3/21/2022,4462.40 ,4481.75 ,4424.30 ,4461.18 ,4428.03 ,4471.62 
3/22/2022,4469.10 ,4522.00 ,4469.10 ,4511.61 ,4424.72 ,4473.04 
3/23/2022,4493.10 ,4501.07 ,4455.81 ,4456.24 ,4420.44 ,4474.19 
3/24/2022,4469.98 ,4520.58 ,4465.17 ,4520.16 ,4416.58 ,4475.69 
3/25/2022,4522.91 ,4546.03 ,4501.07 ,4543.06 ,4412.91 ,4477.21 
3/28/2022,4541.09 ,4575.65 ,4517.69 ,4575.52 ,4411.24 ,4478.85 
3/29/2022,4602.86 ,4637.30 ,4589.66 ,4631.60 ,4410.62 ,4480.73 
3/30/2022,4624.20 ,4627.77 ,4581.32 ,4602.45 ,4411.12 ,4482.51 
3/31/2022,4599.02 ,4603.07 ,4530.41 ,4530.41 ,4411.08 ,4484.05 
4/1/2022,4540.32 ,4548.70 ,4507.57 ,4545.86 ,4412.34 ,4485.67 
4/4/2022,4547.97 ,4583.50 ,4539.21 ,4582.64 ,4416.03 ,4487.75 
4/5/2022,4572.45 ,4593.45 ,4514.17 ,4525.12 ,4418.33 ,4489.25 
4/6/2022,4494.17 ,4503.94 ,4450.04 ,4481.15 ,4420.83 ,4490.42 
4/7/2022,4474.65 ,4521.16 ,4450.30 ,4500.21 ,4423.83 ,4491.72 
4/8/2022,4494.15 ,4520.41 ,4474.60 ,4488.28 ,4427.07 ,4492.82 
4/11/2022,4462.64 ,4464.35 ,4408.38 ,4412.53 ,4426.68 ,4493.48 
4/12/2022,4437.59 ,4471.00 ,4381.34 ,4397.45 ,4424.32 ,4494.02 
4/13/2022,4394.30 ,4453.92 ,4392.70 ,4446.59 ,4422.32 ,4494.79 
4/14/2022,4449.12 ,4460.46 ,4390.77 ,4392.59 ,4418.38 ,4495.27 
4/18/2022,4385.63 ,4410.31 ,4370.30 ,4391.69 ,4416.67 ,4495.63 
4/19/2022,4390.63 ,4471.03 ,4390.63 ,4462.21 ,4415.90 ,4496.17 
4/20/2022,4472.26 ,4488.29 ,4448.76 ,4459.45 ,4415.41 ,4496.75 
4/21/2022,4489.17 ,4512.94 ,4384.47 ,4393.66 ,4412.86 ,4496.93 
4/22/2022,4385.83 ,4385.83 ,4267.62 ,4271.78 ,4406.55 ,4496.69 
4/25/2022,4255.34 ,4299.02 ,4200.82 ,4296.12 ,4402.39 ,4496.32 
4/26/2022,4278.14 ,4278.14 ,4175.04 ,4175.20 ,4397.52 ,4495.27 
4/27/2022,4186.52 ,4240.71 ,4162.90 ,4183.96 ,4393.17 ,4494.35 
4/28/2022,4222.58 ,4308.45 ,4188.63 ,4287.50 ,4389.50 ,4493.91 
4/29/2022,4253.75 ,4269.68 ,4124.28 ,4131.93 ,4382.63 ,4492.77 
5/2/2022,4130.61 ,4169.81 ,4062.51 ,4155.38 ,4378.14 ,4491.91 
5/3/2022,4159.78 ,4200.10 ,4147.08 ,4175.48 ,4374.67 ,4491.50 
5/4/2022,4181.18 ,4307.66 ,4148.91 ,4300.17 ,4374.58 ,4491.38 
5/5/2022,4270.43 ,4270.43 ,4106.01 ,4146.87 ,4373.00 ,4490.32 
5/6/2022,4128.17 ,4157.69 ,4067.91 ,4123.34 ,4369.70 ,4489.10 
5/9/2022,4081.27 ,4081.27 ,3975.48 ,3991.24 ,4361.83 ,4487.00 
5/10/2022,4035.18 ,4068.82 ,3958.17 ,4001.05 ,4354.37 ,4484.89 
5/11/2022,3990.08 ,4049.09 ,3928.82 ,3935.18 ,4346.95 ,4482.56 
5/12/2022,3903.95 ,3964.80 ,3858.87 ,3930.08 ,4337.82 ,4480.21 
5/13/2022,3963.90 ,4038.88 ,3963.90 ,4023.89 ,4331.03 ,4478.23 
5/16/2022,4013.02 ,4046.46 ,3983.99 ,4008.01 ,4324.61 ,4476.30 
5/17/2022,4052.00 ,4090.72 ,4033.93 ,4088.85 ,4322.37 ,4474.81 
5/18/2022,4051.98 ,4051.98 ,3911.91 ,3923.68 ,4317.43 ,4472.31 
5/19/2022,3899.00 ,3945.96 ,3876.58 ,3900.79 ,4309.88 ,4469.80 
5/20/2022,3927.76 ,3943.42 ,3810.32 ,3901.36 ,4302.72 ,4467.16 
5/23/2022,3919.42 ,3981.88 ,3909.04 ,3973.75 ,4298.11 ,4464.85 
5/24/2022,3942.94 ,3955.68 ,3875.13 ,3941.48 ,4293.48 ,4462.39 
5/25/2022,3929.59 ,3999.33 ,3925.03 ,3978.73 ,4287.80 ,4460.10 
5/26/2022,3984.60 ,4075.14 ,3984.60 ,4057.84 ,4281.80 ,4458.15 
5/27/2022,4077.25 ,4158.49 ,4077.43 ,4158.24 ,4276.73 ,4456.64 
5/31/2022,4151.09 ,4168.34 ,4104.88 ,4132.15 ,4270.11 ,4454.96 
6/1/2022,4149.78 ,4166.54 ,4073.85 ,4101.23 ,4262.92 ,4453.07 
6/2/2022,4095.41 ,4177.51 ,4074.37 ,4176.82 ,4256.22 ,4451.71 
6/3/2022,4137.57 ,4142.67 ,4098.67 ,4108.54 ,4249.27 ,4450.25 
6/6/2022,4134.72 ,4168.78 ,4109.18 ,4121.43 ,4241.29 ,4448.83 
6/7/2022,4096.47 ,4164.86 ,4080.19 ,4160.68 ,4233.64 ,4447.43 
6/8/2022,4147.12 ,4160.14 ,4107.20 ,4115.77 ,4224.45 ,4445.61 
6/9/2022,4101.65 ,4119.10 ,4017.17 ,4017.82 ,4212.17 ,4443.27 
6/10/2022,3974.39 ,3974.39 ,3900.16 ,3900.86 ,4198.14 ,4440.29 
6/13/2022,3838.15 ,3838.15 ,3734.30 ,3749.63 ,4182.53 ,4436.69 
6/14/2022,3763.52 ,3778.18 ,3705.68 ,3735.48 ,4166.32 ,4432.82 
6/15/2022,3764.05 ,3837.56 ,3722.30 ,3789.99 ,4150.46 ,4429.12 
6/16/2022,3728.18 ,3728.18 ,3639.77 ,3666.77 ,4133.30 ,4424.84 
6/17/2022,3665.90 ,3707.71 ,3636.87 ,3674.84 ,4117.17 ,4420.60 
6/21/2022,3715.31 ,3779.65 ,3715.31 ,3764.79 ,4102.46 ,4416.74 
6/22/2022,3733.89 ,3801.79 ,3717.69 ,3759.89 ,4087.90 ,4412.86 
6/23/2022,3774.71 ,3802.58 ,3743.52 ,3795.73 ,4075.56 ,4409.24 
6/24/2022,3821.75 ,3913.65 ,3821.75 ,3911.74 ,4065.85 ,4406.23 
6/27/2022,3920.76 ,3927.72 ,3889.66 ,3900.11 ,4054.92 ,4403.26 
6/28/2022,3913.00 ,3945.86 ,3820.14 ,3821.55 ,4043.49 ,4400.08 
6/29/2022,3825.09 ,3836.50 ,3799.02 ,3818.83 ,4032.04 ,4396.83 
6/30/2022,3785.99 ,3818.99 ,3738.67 ,3785.38 ,4018.50 ,4393.54 
7/1/2022,3781.08 ,3829.82 ,3752.10 ,3825.33 ,4005.82 ,4390.26 
7/5/2022,3792.61 ,3832.19 ,3742.06 ,3831.39 ,3994.57 ,4387.05 
7/6/2022,3831.98 ,3870.91 ,3809.37 ,3845.08 ,3986.04 ,4384.11 
7/7/2022,3858.85 ,3910.63 ,3858.85 ,3902.62 ,3978.17 ,4381.83 
7/8/2022,3888.26 ,3918.50 ,3869.34 ,3899.38 ,3972.65 ,4379.56 
7/11/2022,3880.94 ,3880.94 ,3847.22 ,3854.43 ,3966.06 ,4376.85 
7/12/2022,3851.95 ,3873.41 ,3802.36 ,3818.80 ,3956.69 ,4373.70 
7/13/2022,3779.67 ,3829.44 ,3759.07 ,3801.78 ,3950.09 ,4370.43 
7/14/2022,3763.99 ,3796.41 ,3721.56 ,3790.38 ,3942.79 ,4367.17 
7/15/2022,3818.00 ,3863.62 ,3817.18 ,3863.16 ,3936.54 ,4364.72 
7/18/2022,3883.79 ,3902.44 ,3818.63 ,3830.85 ,3927.15 ,4362.08 
7/19/2022,3860.73 ,3939.81 ,3860.73 ,3936.69 ,3922.95 ,4360.23 
7/20/2022,3935.32 ,3974.13 ,3922.03 ,3959.90 ,3919.68 ,4358.24 
7/21/2022,3955.47 ,3999.29 ,3927.64 ,3998.95 ,3919.83 ,4356.73 
7/22/2022,3998.43 ,4012.44 ,3938.86 ,3961.63 ,3919.05 ,4354.81 
7/25/2022,3965.72 ,3975.30 ,3943.46 ,3966.84 ,3919.68 ,4352.83 
7/26/2022,3953.22 ,3953.22 ,3910.74 ,3921.05 ,3919.50 ,4350.44 
7/27/2022,3951.43 ,4039.56 ,3951.43 ,4023.61 ,3919.49 ,4348.60 
7/28/2022,4026.13 ,4078.95 ,3992.97 ,4072.43 ,3920.78 ,4347.15 
7/29/2022,4087.33 ,4140.15 ,4079.22 ,4130.29 ,3921.61 ,4346.05 
8/1/2022,4112.38 ,4144.95 ,4096.02 ,4118.63 ,3925.51 ,4344.83 
8/2/2022,4104.21 ,4140.47 ,4079.81 ,4091.19 ,3929.32 ,4343.09 
8/3/2022,4107.96 ,4167.66 ,4107.96 ,4155.17 ,3934.39 ,4341.51 
8/4/2022,4154.85 ,4161.29 ,4135.42 ,4151.94 ,3937.96 ,4339.84 
8/5/2022,4115.87 ,4151.58 ,4107.31 ,4145.19 ,3942.03 ,4337.96 
8/8/2022,4155.93 ,4186.62 ,4128.97 ,4140.06 ,3945.26 ,4335.98 
8/9/2022,4133.11 ,4137.30 ,4112.09 ,4122.47 ,3946.55 ,4333.85 
8/10/2022,4181.02 ,4211.03 ,4177.26 ,4210.24 ,3947.59 ,4332.17 
8/11/2022,4227.40 ,4257.91 ,4201.41 ,4207.27 ,3949.09 ,4330.38 
8/12/2022,4225.02 ,4280.47 ,4219.78 ,4280.15 ,3952.67 ,4328.90 
8/15/2022,4269.37 ,4301.79 ,4256.90 ,4297.14 ,3955.08 ,4327.63 
8/16/2022,4290.46 ,4325.28 ,4277.77 ,4305.20 ,3959.01 ,4326.18 
8/17/2022,4280.40 ,4302.18 ,4253.08 ,4274.04 ,3962.06 ,4324.52 
8/18/2022,4273.13 ,4292.53 ,4261.98 ,4283.74 ,3964.52 ,4322.87 
8/19/2022,4266.31 ,4266.31 ,4218.70 ,4228.48 ,3966.78 ,4320.86 
8/22/2022,4195.08 ,4195.08 ,4129.86 ,4137.99 ,3969.18 ,4318.25 
8/23/2022,4133.09 ,4159.77 ,4124.03 ,4128.73 ,3973.74 ,4315.49 
8/24/2022,4126.55 ,4156.56 ,4119.97 ,4140.77 ,3981.56 ,4312.71 
8/25/2022,4153.26 ,4200.54 ,4147.59 ,4199.12 ,3990.83 ,4310.19 
8/26/2022,4198.74 ,4203.04 ,4057.66 ,4057.66 ,3996.19 ,4307.05 
8/29/2022,4034.58 ,4062.99 ,4017.42 ,4030.61 ,4003.46 ,4303.97 
8/30/2022,4041.25 ,4044.98 ,3965.21 ,3986.16 ,4009.69 ,4300.66 
8/31/2022,4000.67 ,4015.37 ,3954.53 ,3955.00 ,4013.50 ,4297.02 
9/1/2022,3936.73 ,3970.23 ,3903.65 ,3966.85 ,4017.63 ,4293.44 
9/2/2022,3996.39 ,4018.43 ,3906.21 ,3924.26 ,4020.21 ,4289.56 
9/6/2022,3930.89 ,3942.55 ,3886.75 ,3908.19 ,4020.13 ,4285.65 
9/7/2022,3909.43 ,3987.89 ,3906.03 ,3979.87 ,4021.73 ,4282.03 
9/8/2022,3959.94 ,4010.50 ,3944.81 ,4006.18 ,4025.42 ,4278.57 
9/9/2022,4022.94 ,4076.81 ,4022.94 ,4067.36 ,4030.39 ,4275.49 
9/12/2022,4083.67 ,4119.28 ,4083.67 ,4110.41 ,4036.89 ,4272.59 
9/13/2022,4037.12 ,4037.12 ,3921.28 ,3932.69 ,4039.04 ,4268.75 
9/14/2022,3940.73 ,3961.94 ,3912.18 ,3946.01 ,4041.33 ,4265.51 
9/15/2022,3932.41 ,3959.14 ,3888.28 ,3901.35 ,4042.46 ,4261.74 
9/16/2022,3880.95 ,3880.95 ,3837.08 ,3873.33 ,4041.87 ,4258.27 
9/19/2022,3849.91 ,3900.45 ,3838.50 ,3899.89 ,4041.88 ,4255.20 
9/20/2022,3875.23 ,3876.01 ,3827.54 ,3855.93 ,4041.91 ,4251.60 
9/21/2022,3871.40 ,3907.07 ,3789.49 ,3789.93 ,4041.34 ,4247.85 
9/22/2022,3782.36 ,3790.90 ,3749.45 ,3757.99 ,4040.46 ,4243.68 
9/23/2022,3727.14 ,3727.14 ,3647.47 ,3693.23 ,4038.52 ,4238.72 
9/26/2022,3682.72 ,3715.67 ,3644.76 ,3655.04 ,4034.35 ,4233.49 
9/27/2022,3686.44 ,3717.53 ,3623.29 ,3647.29 ,4030.68 ,4228.39 
9/28/2022,3651.94 ,3736.74 ,3640.61 ,3719.04 ,4026.33 ,4223.42 
9/29/2022,3687.01 ,3687.01 ,3610.40 ,3640.47 ,4019.94 ,4218.28 
9/30/2022,3633.48 ,3671.44 ,3584.13 ,3585.62 ,4011.67 ,4213.04 
10/3/2022,3609.78 ,3698.35 ,3604.93 ,3678.43 ,4006.01 ,4207.88 
10/4/2022,3726.46 ,3791.92 ,3726.46 ,3790.93 ,4002.49 ,4203.49 
10/5/2022,3753.25 ,3806.91 ,3722.66 ,3783.28 ,3999.74 ,4199.30 
10/6/2022,3771.97 ,3797.93 ,3739.22 ,3744.52 ,3994.16 ,4195.19 
10/7/2022,3706.74 ,3706.74 ,3620.73 ,3639.66 ,3985.50 ,4190.14 
10/10/2022,3647.51 ,3652.17 ,3588.10 ,3612.39 ,3975.14 ,4184.72 
10/11/2022,3595.86 ,3640.66 ,3568.45 ,3588.84 ,3964.55 ,4179.03 
10/12/2022,3590.83 ,3608.34 ,3573.86 ,3577.03 ,3954.26 ,4172.96 
10/13/2022,3520.37 ,3685.41 ,3491.58 ,3669.91 ,3944.56 ,4167.38 
10/14/2022,3690.41 ,3712.00 ,3579.68 ,3583.07 ,3933.18 ,4161.33 
10/17/2022,3638.65 ,3689.73 ,3638.65 ,3677.95 ,3923.84 ,4155.83 
10/18/2022,3746.26 ,3762.79 ,3686.53 ,3719.98 ,3915.43 ,4150.59 
10/19/2022,3703.11 ,3728.58 ,3666.51 ,3695.16 ,3906.89 ,4145.09 
10/20/2022,3689.05 ,3736.00 ,3656.44 ,3665.78 ,3896.00 ,4139.45 
10/21/2022,3657.10 ,3757.89 ,3647.42 ,3752.75 ,3886.91 ,4134.71 
10/24/2022,3762.01 ,3810.74 ,3741.65 ,3797.34 ,3877.25 ,4130.22 
10/25/2022,3799.44 ,3862.85 ,3799.44 ,3859.11 ,3868.49 ,4126.13 
10/26/2022,3825.97 ,3886.15 ,3824.07 ,3830.60 ,3859.00 ,4121.93 
10/27/2022,3834.69 ,3859.95 ,3803.79 ,3807.30 ,3849.66 ,4117.40 
10/28/2022,3808.26 ,3905.42 ,3808.26 ,3901.06 ,3842.01 ,4113.27 
10/31/2022,3881.85 ,3893.73 ,3863.18 ,3871.98 ,3834.88 ,4109.34 
11/1/2022,3901.79 ,3911.79 ,3843.80 ,3856.10 ,3829.24 ,4105.30 
11/2/2022,3852.90 ,3894.44 ,3758.68 ,3759.69 ,3821.86 ,4101.22 
11/3/2022,3733.25 ,3750.59 ,3698.15 ,3719.89 ,3813.44 ,4097.15 
11/4/2022,3766.98 ,3796.34 ,3708.84 ,3770.55 ,3804.87 ,4093.59 
11/7/2022,3780.71 ,3813.95 ,3764.70 ,3806.80 ,3799.86 ,4090.64 
11/8/2022,3817.02 ,3859.40 ,3786.28 ,3828.11 ,3795.81 ,4087.73 
11/9/2022,3810.94 ,3818.20 ,3744.22 ,3748.57 ,3791.05 ,4084.69 
11/10/2022,3859.89 ,3958.33 ,3859.89 ,3956.37 ,3791.08 ,4082.72 
11/11/2022,3963.72 ,4001.48 ,3944.82 ,3992.93 ,3791.60 ,4081.05 
11/14/2022,3977.97 ,4008.97 ,3956.40 ,3957.25 ,3792.26 ,4078.68 
11/15/2022,4006.41 ,4028.84 ,3953.17 ,3991.73 ,3793.93 ,4076.06 
11/16/2022,3976.82 ,3983.09 ,3954.34 ,3958.79 ,3793.51 ,4073.12 
11/17/2022,3919.26 ,3954.33 ,3906.54 ,3946.56 ,3792.32 ,4069.91 
11/18/2022,3966.39 ,3979.89 ,3935.98 ,3965.34 ,3790.28 ,4067.34 
11/21/2022,3956.23 ,3962.00 ,3933.34 ,3949.94 ,3787.07 ,4064.59 
11/22/2022,3965.51 ,4005.88 ,3956.88 ,4003.58 ,3788.49 ,4062.19 
11/23/2022,4001.02 ,4033.78 ,3998.66 ,4027.26 ,3790.11 ,4059.72 
11/25/2022,4023.34 ,4034.02 ,4020.76 ,4026.12 ,3792.61 ,4056.91 
11/28/2022,4005.36 ,4012.27 ,3955.77 ,3963.94 ,3794.42 ,4054.21 
11/29/2022,3964.19 ,3976.77 ,3937.65 ,3957.63 ,3795.58 ,4051.91 
11/30/2022,3957.18 ,4080.11 ,3938.58 ,4080.11 ,3800.06 ,4050.30 
12/1/2022,4087.14 ,4100.51 ,4050.87 ,4076.57 ,3805.79 ,4048.33 
12/2/2022,4040.17 ,4080.48 ,4026.63 ,4071.70 ,3812.07 ,4046.31 
12/5/2022,4052.02 ,4052.45 ,3984.49 ,3998.84 ,3818.18 ,4044.40 
12/6/2022,3996.63 ,4001.51 ,3918.39 ,3941.26 ,3823.90 ,4042.37 
12/7/2022,3933.28 ,3957.57 ,3922.68 ,3933.92 ,3829.64 ,4040.51 
12/8/2022,3947.79 ,3974.19 ,3935.83 ,3963.51 ,3834.52 ,4039.20 
12/9/2022,3954.17 ,3977.02 ,3933.04 ,3934.38 ,3840.40 ,4037.43 
12/12/2022,3939.29 ,3990.71 ,3935.30 ,3990.56 ,3848.50 ,4035.46 
12/13/2022,4069.38 ,4100.96 ,3993.03 ,4019.65 ,3855.33 ,4033.69 
12/14/2022,4015.54 ,4053.76 ,3965.65 ,3995.32 ,3859.41 ,4032.13 
12/15/2022,3958.37 ,3958.37 ,3879.45 ,3895.75 ,3861.66 ,4029.68 
12/16/2022,3890.91 ,3890.91 ,3827.91 ,3852.36 ,3863.82 ,4027.12 
12/19/2022,3853.79 ,3854.86 ,3800.04 ,3817.66 ,3867.38 ,4024.57 
12/20/2022,3810.47 ,3838.24 ,3795.62 ,3821.62 ,3871.56 ,4022.67 
12/21/2022,3839.49 ,3889.82 ,3839.49 ,3878.44 ,3877.36 ,4021.21 
12/22/2022,3853.26 ,3853.26 ,3764.49 ,3822.39 ,3882.26 ,4018.93 
12/23/2022,3813.11 ,3845.80 ,3797.01 ,3844.82 ,3885.76 ,4016.86 
12/27/2022,3843.34 ,3846.65 ,3813.22 ,3829.25 ,3890.69 ,4014.98 
12/28/2022,3829.56 ,3848.32 ,3780.78 ,3783.22 ,3892.79 ,4013.03 
12/29/2022,3805.45 ,3858.19 ,3805.45 ,3849.28 ,3895.38 ,4010.97 
12/30/2022,3828.85 ,3839.85 ,3800.34 ,3839.50 ,3898.26 ,4008.38 
1/3/2023,3853.29 ,3878.46 ,3794.33 ,3824.14 ,3901.43 ,4005.44 
1/4/2023,3840.36 ,3873.16 ,3815.77 ,3852.97 ,3903.44 ,4002.39 
1/5/2023,3839.74 ,3839.74 ,3802.42 ,3808.10 ,3903.65 ,3999.12 
1/6/2023,3823.37 ,3906.19 ,3809.56 ,3895.08 ,3904.37 ,3996.04 
1/9/2023,3910.82 ,3950.57 ,3890.42 ,3892.09 ,3905.60 ,3993.22 
1/10/2023,3888.57 ,3919.83 ,3877.29 ,3919.25 ,3907.84 ,3990.21 
1/11/2023,3932.35 ,3970.07 ,3928.54 ,3969.61 ,3909.21 ,3987.35 
1/12/2023,3977.57 ,3997.76 ,3937.56 ,3983.17 ,3911.43 ,3984.39 
1/13/2023,3960.32 ,4003.95 ,3947.67 ,3999.09 ,3914.29 ,3981.22 
1/17/2023,3999.28 ,4015.39 ,3984.57 ,3990.97 ,3918.92 ,3978.17 
1/18/2023,4002.25 ,4014.16 ,3926.59 ,3928.86 ,3923.10 ,3975.16 
1/19/2023,3911.84 ,3922.94 ,3885.54 ,3898.85 ,3925.66 ,3971.92 
1/20/2023,3909.04 ,3972.96 ,3897.86 ,3972.61 ,3928.98 ,3968.87 
1/23/2023,3978.14 ,4039.31 ,3971.64 ,4019.81 ,3932.81 ,3966.35 
1/24/2023,4001.74 ,4023.92 ,3989.79 ,4016.95 ,3938.18 ,3964.02 
1/25/2023,3982.71 ,4019.55 ,3949.06 ,4016.22 ,3939.38 ,3961.60 
1/26/2023,4036.08 ,4061.57 ,4013.29 ,4060.43 ,3940.73 ,3959.47 
1/27/2023,4053.72 ,4094.21 ,4048.70 ,4070.56 ,3943.00 ,3957.76 
1/30/2023,4049.27 ,4063.85 ,4015.55 ,4017.77 ,3943.52 ,3955.86 
1/31/2023,4020.85 ,4077.16 ,4020.44 ,4076.60 ,3945.87 ,3954.01 
2/1/2023,4070.07 ,4148.95 ,4037.20 ,4119.21 ,3949.33 ,3952.64 
2/2/2023,4158.68 ,4195.44 ,4141.88 ,4179.76 ,3953.61 ,3951.58 
2/3/2023,4136.69 ,4182.36 ,4123.36 ,4136.48 ,3957.34 ,3949.95 
2/6/2023,4119.57 ,4124.63 ,4093.38 ,4111.08 ,3959.49 ,3948.21 
2/7/2023,4105.35 ,4176.54 ,4088.39 ,4164.00 ,3962.23 ,3947.06 
2/8/2023,4153.47 ,4156.85 ,4111.67 ,4117.86 ,3964.06 ,3946.29 
2/9/2023,4144.25 ,4156.23 ,4069.67 ,4081.50 ,3966.42 ,3945.22 
2/10/2023,4068.92 ,4094.36 ,4060.79 ,4090.46 ,3969.07 ,3944.80 
2/13/2023,4096.62 ,4138.90 ,4092.67 ,4137.29 ,3970.22 ,3944.56 
2/14/2023,4126.70 ,4159.77 ,4095.01 ,4136.13 ,3971.41 ,3943.81 
2/15/2023,4119.50 ,4148.11 ,4103.98 ,4147.60 ,3972.92 ,3943.88 
2/16/2023,4114.75 ,4136.54 ,4089.49 ,4090.41 ,3974.76 ,3943.56 
2/17/2023,4077.73 ,4081.51 ,4047.95 ,4079.09 ,3977.51 ,3943.08 
2/21/2023,4052.35 ,4052.35 ,3995.19 ,3997.34 ,3978.78 ,3941.56 
2/22/2023,4001.83 ,4017.37 ,3976.90 ,3991.05 ,3979.33 ,3940.78 
2/23/2023,4018.60 ,4028.30 ,3969.19 ,4012.32 ,3980.89 ,3940.23 
2/24/2023,3973.24 ,3978.25 ,3943.08 ,3970.04 ,3980.48 ,3940.12 
2/27/2023,3992.36 ,4018.05 ,3973.55 ,3982.24 ,3979.73 ,3940.03 
2/28/2023,3977.19 ,3997.50 ,3968.98 ,3970.15 ,3979.23 ,3940.20 
3/1/2023,3963.34 ,3971.73 ,3939.05 ,3951.39 ,3980.34 ,3940.31 
3/2/2023,3938.68 ,3990.84 ,3928.16 ,3981.35 ,3982.92 ,3940.10 
3/3/2023,3998.02 ,4048.29 ,3995.17 ,4045.64 ,3987.48 ,3940.29 
3/6/2023,4055.15 ,4078.49 ,4044.61 ,4048.42 ,3992.02 ,3940.08 
3/7/2023,4048.26 ,4050.00 ,3980.31 ,3986.37 ,3994.18 ,3940.40 
